-- phpMyAdmin SQL Dump
-- version 4.5.1
-- http://www.phpmyadmin.net
--
-- Хост: 127.0.0.1
-- Час створення: Чрв 19 2016 р., 22:36
-- Версія сервера: 10.1.8-MariaDB
-- Версія PHP: 5.6.14

SET SQL_MODE = "NO_AUTO_VALUE_ON_ZERO";
SET time_zone = "+00:00";


/*!40101 SET @OLD_CHARACTER_SET_CLIENT=@@CHARACTER_SET_CLIENT */;
/*!40101 SET @OLD_CHARACTER_SET_RESULTS=@@CHARACTER_SET_RESULTS */;
/*!40101 SET @OLD_COLLATION_CONNECTION=@@COLLATION_CONNECTION */;
/*!40101 SET NAMES utf8mb4 */;

--
-- База даних: `la-tt`
--

-- --------------------------------------------------------

--
-- Структура таблиці `final_play`
--

CREATE TABLE `final_play` (
  `id` int(11) NOT NULL,
  `play_off_id` int(11) NOT NULL,
  `a` int(11) NOT NULL,
  `b` int(11) NOT NULL,
  `result` varchar(11) NOT NULL,
  `team_passed` int(11) NOT NULL,
  `team_out` int(11) NOT NULL
) ENGINE=InnoDB DEFAULT CHARSET=utf8;

--
-- Дамп даних таблиці `final_play`
--

INSERT INTO `final_play` (`id`, `play_off_id`, `a`, `b`, `result`, `team_passed`, `team_out`) VALUES
(7, 13, 23, 25, '2:5', 25, 23);

-- --------------------------------------------------------

--
-- Структура таблиці `first_play`
--

CREATE TABLE `first_play` (
  `id` int(11) NOT NULL,
  `play_off_id` int(11) NOT NULL,
  `a` int(11) NOT NULL,
  `b` int(11) NOT NULL,
  `result` varchar(11) NOT NULL,
  `team_passed` int(11) NOT NULL,
  `team_out` int(11) NOT NULL
) ENGINE=InnoDB DEFAULT CHARSET=utf8;

--
-- Дамп даних таблиці `first_play`
--

INSERT INTO `first_play` (`id`, `play_off_id`, `a`, `b`, `result`, `team_passed`, `team_out`) VALUES
(177, 13, 16, 27, '0:5', 27, 16),
(178, 13, 23, 30, '4:3', 23, 30),
(179, 13, 22, 17, '4:5', 17, 22),
(180, 13, 28, 24, '5:4', 28, 24),
(181, 13, 25, 20, '4:3', 25, 20),
(182, 13, 31, 19, '3:5', 19, 31),
(183, 13, 26, 21, '0:5', 21, 26),
(184, 13, 18, 29, '4:5', 29, 18);

-- --------------------------------------------------------

--
-- Структура таблиці `image`
--

CREATE TABLE `image` (
  `id` int(11) NOT NULL,
  `user_id` int(11) NOT NULL,
  `image_name` varchar(255) NOT NULL
) ENGINE=InnoDB DEFAULT CHARSET=utf8;

--
-- Дамп даних таблиці `image`
--

INSERT INTO `image` (`id`, `user_id`, `image_name`) VALUES
(9, 16, 'eb98efda1fe32d4438fab745158c310b.jpg'),
(10, 17, 's1d5ad0864edad8cb411e8aa7be418b5.jpg'),
(11, 18, 'gd26197678aa25bbac8fed824c13c0ce.jpg'),
(12, 19, '2cb6455a835f8dfd349de453e766aab.png'),
(13, 20, 'g3c0f1fccc25de0c2a1a142b00536ad2.png'),
(14, 21, '5b5a249642c642ce3c05cfb32a527a0.png'),
(15, 22, 'nd46e40056fbbdb46c70dc255c945cf8.png'),
(16, 23, '9e89c7761af6a023ad7be449d127623.png'),
(17, 24, '3f0caf68e1334ffebe7b7dc02648b5e5.png'),
(18, 25, 'f60b1cc4468de7eef0c142008c9fc1d.png'),
(19, 26, 'g14c20c0b22b693579156ae2572d1746.png'),
(20, 27, 'e6bc5230889403bb996f933992846a2.png'),
(21, 28, '0c01ceee4bc17643acb794824aab246.png'),
(22, 29, '275fd713f4bc5d3578b67b5b0dcb980.png'),
(23, 30, 'g107896cf9724761d3cf46e9421c60de.png'),
(24, 31, '60fbdffaf5aa84a252338b4cc54f84e.png'),
(25, 32, 'd400b3f2d92d1e1dafb57161bd8b88f.png');

-- --------------------------------------------------------

--
-- Структура таблиці `order play`
--

CREATE TABLE `order play` (
  `id` int(255) NOT NULL,
  `play_id` int(11) NOT NULL,
  `a` varchar(11) NOT NULL,
  `b` varchar(11) NOT NULL,
  `score` varchar(10) NOT NULL,
  `winner` varchar(11) NOT NULL,
  `loser` varchar(11) NOT NULL,
  `tournament_id` int(11) NOT NULL
) ENGINE=InnoDB DEFAULT CHARSET=utf8;

--
-- Дамп даних таблиці `order play`
--

INSERT INTO `order play` (`id`, `play_id`, `a`, `b`, `score`, `winner`, `loser`, `tournament_id`) VALUES
(19657, 300, '16', '17', '2:2', 'drow', 'drow', 22),
(19658, 300, '16', '18', '2:0', '16', '18', 22),
(19659, 300, '16', '19', '4:4', 'drow', 'drow', 22),
(19660, 300, '16', '20', '1:0', '16', '20', 22),
(19661, 300, '16', '21', '3:1', '16', '21', 22),
(19662, 300, '16', '22', '1:2', '22', '16', 22),
(19663, 300, '16', '23', '2:1', '16', '23', 22),
(19664, 300, '16', '24', '2:5', '24', '16', 22),
(19665, 300, '16', '25', '0:5', '25', '16', 22),
(19666, 300, '16', '26', '1:2', '26', '16', 22),
(19667, 300, '16', '27', '2:5', '27', '16', 22),
(19668, 300, '16', '28', '2:3', '28', '16', 22),
(19669, 300, '16', '29', '1:5', '29', '16', 22),
(19670, 300, '16', '30', '0:0', 'drow', 'drow', 22),
(19671, 300, '16', '31', '5:3', '16', '31', 22),
(19672, 301, '17', '31', '2:0', '17', '31', 22),
(19673, 301, '16', '31', '3:3', 'drow', 'drow', 22),
(19674, 301, '17', '18', '4:4', 'drow', 'drow', 22),
(19675, 301, '17', '19', '5:1', '17', '19', 22),
(19676, 301, '17', '20', '5:2', '17', '20', 22),
(19677, 301, '17', '21', '3:2', '17', '21', 22),
(19678, 301, '17', '22', '4:5', '22', '17', 22),
(19679, 301, '17', '23', '3:5', '23', '17', 22),
(19680, 301, '17', '24', '2:1', '17', '24', 22),
(19681, 301, '17', '25', '3:4', '25', '17', 22),
(19682, 301, '17', '26', '0:0', 'drow', 'drow', 22),
(19683, 301, '17', '27', '2:2', 'drow', 'drow', 22),
(19684, 301, '17', '28', '2:1', '17', '28', 22),
(19685, 301, '17', '29', '3:3', 'drow', 'drow', 22),
(19686, 301, '17', '30', '0:1', '30', '17', 22),
(19687, 301, '17', '31', '0:1', '31', '17', 22),
(19688, 302, '18', '31', '1:3', '31', '18', 22),
(19689, 302, '16', '31', '4:1', '16', '31', 22),
(19690, 302, '18', '17', '3:0', '18', '17', 22),
(19691, 302, '18', '19', '2:3', '19', '18', 22),
(19692, 302, '18', '20', '4:5', '20', '18', 22),
(19693, 302, '18', '21', '3:2', '18', '21', 22),
(19694, 302, '18', '22', '3:1', '18', '22', 22),
(19695, 302, '18', '23', '1:0', '18', '23', 22),
(19696, 302, '18', '24', '2:0', '18', '24', 22),
(19697, 302, '18', '25', '0:3', '25', '18', 22),
(19698, 302, '18', '26', '2:5', '26', '18', 22),
(19699, 302, '18', '27', '3:3', 'drow', 'drow', 22),
(19700, 302, '18', '28', '0:4', '28', '18', 22),
(19701, 302, '18', '29', '4:5', '29', '18', 22),
(19702, 302, '18', '30', '1:1', 'drow', 'drow', 22),
(19703, 302, '18', '31', '2:1', '18', '31', 22),
(19704, 303, '19', '31', '2:5', '31', '19', 22),
(19705, 303, '16', '31', '4:0', '16', '31', 22),
(19706, 303, '19', '17', '0:2', '17', '19', 22),
(19707, 303, '19', '18', '0:0', 'drow', 'drow', 22),
(19708, 303, '19', '20', '3:5', '20', '19', 22),
(19709, 303, '19', '21', '1:0', '19', '21', 22),
(19710, 303, '19', '22', '5:5', 'drow', 'drow', 22),
(19711, 303, '19', '23', '5:3', '19', '23', 22),
(19712, 303, '19', '24', '2:4', '24', '19', 22),
(19713, 303, '19', '25', '4:3', '19', '25', 22),
(19714, 303, '19', '26', '0:3', '26', '19', 22),
(19715, 303, '19', '27', '3:4', '27', '19', 22),
(19716, 303, '19', '28', '3:4', '28', '19', 22),
(19717, 303, '19', '29', '1:4', '29', '19', 22),
(19718, 303, '19', '30', '4:1', '19', '30', 22),
(19719, 303, '19', '31', '2:2', 'drow', 'drow', 22),
(19720, 304, '20', '31', '4:4', 'drow', 'drow', 22),
(19721, 304, '16', '31', '1:4', '31', '16', 22),
(19722, 304, '20', '17', '4:2', '20', '17', 22),
(19723, 304, '20', '18', '5:0', '20', '18', 22),
(19724, 304, '20', '19', '0:3', '19', '20', 22),
(19725, 304, '20', '21', '2:4', '21', '20', 22),
(19726, 304, '20', '22', '1:4', '22', '20', 22),
(19727, 304, '20', '23', '3:5', '23', '20', 22),
(19728, 304, '20', '24', '4:2', '20', '24', 22),
(19729, 304, '20', '25', '5:0', '20', '25', 22),
(19730, 304, '20', '26', '3:3', 'drow', 'drow', 22),
(19731, 304, '20', '27', '3:5', '27', '20', 22),
(19732, 304, '20', '28', '2:5', '28', '20', 22),
(19733, 304, '20', '29', '0:1', '29', '20', 22),
(19734, 304, '20', '30', '5:0', '20', '30', 22),
(19735, 304, '20', '31', '0:5', '31', '20', 22),
(19736, 305, '21', '31', '4:1', '21', '31', 22),
(19737, 305, '16', '31', '0:5', '31', '16', 22),
(19738, 305, '21', '17', '3:4', '17', '21', 22),
(19739, 305, '21', '18', '1:1', 'drow', 'drow', 22),
(19740, 305, '21', '19', '1:0', '21', '19', 22),
(19741, 305, '21', '20', '3:3', 'drow', 'drow', 22),
(19742, 305, '21', '22', '3:0', '21', '22', 22),
(19743, 305, '21', '23', '3:5', '23', '21', 22),
(19744, 305, '21', '24', '4:2', '21', '24', 22),
(19745, 305, '21', '25', '1:5', '25', '21', 22),
(19746, 305, '21', '26', '0:4', '26', '21', 22),
(19747, 305, '21', '27', '5:1', '21', '27', 22),
(19748, 305, '21', '28', '3:4', '28', '21', 22),
(19749, 305, '21', '29', '4:4', 'drow', 'drow', 22),
(19750, 305, '21', '30', '0:2', '30', '21', 22),
(19751, 305, '21', '31', '1:0', '21', '31', 22),
(19752, 306, '22', '31', '0:0', 'drow', 'drow', 22),
(19753, 306, '16', '31', '0:1', '31', '16', 22),
(19754, 306, '22', '17', '1:0', '22', '17', 22),
(19755, 306, '22', '18', '2:0', '22', '18', 22),
(19756, 306, '22', '19', '2:3', '19', '22', 22),
(19757, 306, '22', '20', '5:4', '22', '20', 22),
(19758, 306, '22', '21', '3:0', '22', '21', 22),
(19759, 306, '22', '23', '2:5', '23', '22', 22),
(19760, 306, '22', '24', '3:3', 'drow', 'drow', 22),
(19761, 306, '22', '25', '2:2', 'drow', 'drow', 22),
(19762, 306, '22', '26', '0:4', '26', '22', 22),
(19763, 306, '22', '27', '4:5', '27', '22', 22),
(19764, 306, '22', '28', '4:1', '22', '28', 22),
(19765, 306, '22', '29', '1:1', 'drow', 'drow', 22),
(19766, 306, '22', '30', '2:5', '30', '22', 22),
(19767, 306, '22', '31', '3:5', '31', '22', 22),
(19768, 307, '23', '31', '0:1', '31', '23', 22),
(19769, 307, '16', '31', '5:2', '16', '31', 22),
(19770, 307, '23', '17', '2:0', '23', '17', 22),
(19771, 307, '23', '18', '4:4', 'drow', 'drow', 22),
(19772, 307, '23', '19', '4:0', '23', '19', 22),
(19773, 307, '23', '20', '5:1', '23', '20', 22),
(19774, 307, '23', '21', '1:5', '21', '23', 22),
(19775, 307, '23', '22', '0:0', 'drow', 'drow', 22),
(19776, 307, '23', '24', '3:1', '23', '24', 22),
(19777, 307, '23', '25', '0:4', '25', '23', 22),
(19778, 307, '23', '26', '3:5', '26', '23', 22),
(19779, 307, '23', '27', '2:0', '23', '27', 22),
(19780, 307, '23', '28', '4:3', '23', '28', 22),
(19781, 307, '23', '29', '0:4', '29', '23', 22),
(19782, 307, '23', '30', '1:0', '23', '30', 22),
(19783, 307, '23', '31', '4:3', '23', '31', 22),
(19784, 308, '24', '31', '1:4', '31', '24', 22),
(19785, 308, '16', '31', '3:0', '16', '31', 22),
(19786, 308, '24', '17', '0:2', '17', '24', 22),
(19787, 308, '24', '18', '2:1', '24', '18', 22),
(19788, 308, '24', '19', '5:4', '24', '19', 22),
(19789, 308, '24', '20', '4:3', '24', '20', 22),
(19790, 308, '24', '21', '0:3', '21', '24', 22),
(19791, 308, '24', '22', '0:3', '22', '24', 22),
(19792, 308, '24', '23', '0:3', '23', '24', 22),
(19793, 308, '24', '25', '1:0', '24', '25', 22),
(19794, 308, '24', '26', '0:2', '26', '24', 22),
(19795, 308, '24', '27', '1:0', '24', '27', 22),
(19796, 308, '24', '28', '2:5', '28', '24', 22),
(19797, 308, '24', '29', '2:5', '29', '24', 22),
(19798, 308, '24', '30', '5:5', 'drow', 'drow', 22),
(19799, 308, '24', '31', '4:2', '24', '31', 22),
(19800, 309, '25', '31', '1:1', 'drow', 'drow', 22),
(19801, 309, '16', '31', '2:5', '31', '16', 22),
(19802, 309, '25', '17', '5:3', '25', '17', 22),
(19803, 309, '25', '18', '4:5', '18', '25', 22),
(19804, 309, '25', '19', '4:0', '25', '19', 22),
(19805, 309, '25', '20', '3:2', '25', '20', 22),
(19806, 309, '25', '21', '0:3', '21', '25', 22),
(19807, 309, '25', '22', '3:2', '25', '22', 22),
(19808, 309, '25', '23', '2:4', '23', '25', 22),
(19809, 309, '25', '24', '4:3', '25', '24', 22),
(19810, 309, '25', '26', '3:3', 'drow', 'drow', 22),
(19811, 309, '25', '27', '2:3', '27', '25', 22),
(19812, 309, '25', '28', '2:3', '28', '25', 22),
(19813, 309, '25', '29', '4:1', '25', '29', 22),
(19814, 309, '25', '30', '3:3', 'drow', 'drow', 22),
(19815, 309, '25', '31', '1:2', '31', '25', 22),
(19816, 310, '26', '31', '4:5', '31', '26', 22),
(19817, 310, '16', '31', '4:2', '16', '31', 22),
(19818, 310, '26', '17', '4:3', '26', '17', 22),
(19819, 310, '26', '18', '5:4', '26', '18', 22),
(19820, 310, '26', '19', '5:4', '26', '19', 22),
(19821, 310, '26', '20', '4:2', '26', '20', 22),
(19822, 310, '26', '21', '4:3', '26', '21', 22),
(19823, 310, '26', '22', '5:5', 'drow', 'drow', 22),
(19824, 310, '26', '23', '4:4', 'drow', 'drow', 22),
(19825, 310, '26', '24', '0:2', '24', '26', 22),
(19826, 310, '26', '25', '4:0', '26', '25', 22),
(19827, 310, '26', '27', '1:2', '27', '26', 22),
(19828, 310, '26', '28', '2:1', '26', '28', 22),
(19829, 310, '26', '29', '0:3', '29', '26', 22),
(19830, 310, '26', '30', '3:1', '26', '30', 22),
(19831, 310, '26', '31', '0:4', '31', '26', 22),
(19832, 311, '27', '31', '5:2', '27', '31', 22),
(19833, 311, '16', '31', '0:2', '31', '16', 22),
(19834, 311, '27', '17', '2:4', '17', '27', 22),
(19835, 311, '27', '18', '3:5', '18', '27', 22),
(19836, 311, '27', '19', '2:1', '27', '19', 22),
(19837, 311, '27', '20', '4:1', '27', '20', 22),
(19838, 311, '27', '21', '1:0', '27', '21', 22),
(19839, 311, '27', '22', '2:1', '27', '22', 22),
(19840, 311, '27', '23', '1:5', '23', '27', 22),
(19841, 311, '27', '24', '1:3', '24', '27', 22),
(19842, 311, '27', '25', '2:3', '25', '27', 22),
(19843, 311, '27', '26', '1:0', '27', '26', 22),
(19844, 311, '27', '28', '3:4', '28', '27', 22),
(19845, 311, '27', '29', '5:2', '27', '29', 22),
(19846, 311, '27', '30', '1:0', '27', '30', 22),
(19847, 311, '27', '31', '5:3', '27', '31', 22),
(19848, 312, '28', '31', '3:5', '31', '28', 22),
(19849, 312, '16', '31', '1:2', '31', '16', 22),
(19850, 312, '28', '17', '2:0', '28', '17', 22),
(19851, 312, '28', '18', '2:4', '18', '28', 22),
(19852, 312, '28', '19', '4:3', '28', '19', 22),
(19853, 312, '28', '20', '2:2', 'drow', 'drow', 22),
(19854, 312, '28', '21', '5:0', '28', '21', 22),
(19855, 312, '28', '22', '0:2', '22', '28', 22),
(19856, 312, '28', '23', '3:1', '28', '23', 22),
(19857, 312, '28', '24', '0:2', '24', '28', 22),
(19858, 312, '28', '25', '2:5', '25', '28', 22),
(19859, 312, '28', '26', '1:1', 'drow', 'drow', 22),
(19860, 312, '28', '27', '1:3', '27', '28', 22),
(19861, 312, '28', '29', '1:3', '29', '28', 22),
(19862, 312, '28', '30', '4:0', '28', '30', 22),
(19863, 312, '28', '31', '5:0', '28', '31', 22),
(19864, 313, '29', '31', '0:0', 'drow', 'drow', 22),
(19865, 313, '16', '31', '5:2', '16', '31', 22),
(19866, 313, '29', '17', '5:4', '29', '17', 22),
(19867, 313, '29', '18', '1:0', '29', '18', 22),
(19868, 313, '29', '19', '5:0', '29', '19', 22),
(19869, 313, '29', '20', '3:5', '20', '29', 22),
(19870, 313, '29', '21', '5:5', 'drow', 'drow', 22),
(19871, 313, '29', '22', '3:3', 'drow', 'drow', 22),
(19872, 313, '29', '23', '3:0', '29', '23', 22),
(19873, 313, '29', '24', '0:5', '24', '29', 22),
(19874, 313, '29', '25', '2:2', 'drow', 'drow', 22),
(19875, 313, '29', '26', '5:3', '29', '26', 22),
(19876, 313, '29', '27', '3:2', '29', '27', 22),
(19877, 313, '29', '28', '4:3', '29', '28', 22),
(19878, 313, '29', '30', '2:5', '30', '29', 22),
(19879, 313, '29', '31', '1:1', 'drow', 'drow', 22),
(19880, 314, '30', '31', '0:5', '31', '30', 22),
(19881, 314, '16', '31', '0:3', '31', '16', 22),
(19882, 314, '30', '17', '1:4', '17', '30', 22),
(19883, 314, '30', '18', '5:2', '30', '18', 22),
(19884, 314, '30', '19', '3:3', 'drow', 'drow', 22),
(19885, 314, '30', '20', '5:5', 'drow', 'drow', 22),
(19886, 314, '30', '21', '4:3', '30', '21', 22),
(19887, 314, '30', '22', '5:0', '30', '22', 22),
(19888, 314, '30', '23', '4:2', '30', '23', 22),
(19889, 314, '30', '24', '2:2', 'drow', 'drow', 22),
(19890, 314, '30', '25', '1:0', '30', '25', 22),
(19891, 314, '30', '26', '1:4', '26', '30', 22),
(19892, 314, '30', '27', '0:5', '27', '30', 22),
(19893, 314, '30', '28', '1:5', '28', '30', 22),
(19894, 314, '30', '29', '4:0', '30', '29', 22),
(19895, 314, '30', '31', '1:4', '31', '30', 22),
(19896, 315, '31', '31', '5:2', '31', '31', 22),
(19897, 315, '16', '31', '1:0', '16', '31', 22),
(19898, 315, '31', '17', '4:3', '31', '17', 22),
(19899, 315, '31', '18', '0:3', '18', '31', 22),
(19900, 315, '31', '19', '3:3', 'drow', 'drow', 22),
(19901, 315, '31', '20', '2:3', '20', '31', 22),
(19902, 315, '31', '21', '3:2', '31', '21', 22),
(19903, 315, '31', '22', '3:5', '22', '31', 22),
(19904, 315, '31', '23', '2:3', '23', '31', 22),
(19905, 315, '31', '24', '2:5', '24', '31', 22),
(19906, 315, '31', '25', '5:1', '31', '25', 22),
(19907, 315, '31', '26', '5:3', '31', '26', 22),
(19908, 315, '31', '27', '4:4', 'drow', 'drow', 22),
(19909, 315, '31', '28', '3:4', '28', '31', 22),
(19910, 315, '31', '29', '3:0', '31', '29', 22),
(19911, 315, '31', '30', '1:0', '31', '30', 22);

-- --------------------------------------------------------

--
-- Структура таблиці `play`
--

CREATE TABLE `play` (
  `id` int(11) NOT NULL,
  `team_id` int(11) NOT NULL,
  `p1` int(11) NOT NULL,
  `p2` int(11) NOT NULL,
  `p3` int(11) NOT NULL,
  `p4` int(11) NOT NULL,
  `p5` int(11) NOT NULL,
  `p6` int(11) NOT NULL,
  `p7` int(11) NOT NULL,
  `p8` int(11) NOT NULL,
  `p9` int(11) NOT NULL,
  `p10` int(11) NOT NULL,
  `p11` int(11) NOT NULL,
  `p12` int(11) NOT NULL,
  `p13` int(11) NOT NULL,
  `p14` int(11) NOT NULL,
  `p15` int(11) NOT NULL,
  `p16` int(11) NOT NULL,
  `tournament_id` int(11) NOT NULL
) ENGINE=InnoDB DEFAULT CHARSET=utf8;

--
-- Дамп даних таблиці `play`
--

INSERT INTO `play` (`id`, `team_id`, `p1`, `p2`, `p3`, `p4`, `p5`, `p6`, `p7`, `p8`, `p9`, `p10`, `p11`, `p12`, `p13`, `p14`, `p15`, `p16`, `tournament_id`) VALUES
(300, 16, 0, 17, 18, 19, 20, 21, 22, 23, 24, 25, 26, 27, 28, 29, 30, 31, 22),
(301, 17, 16, 0, 18, 19, 20, 21, 22, 23, 24, 25, 26, 27, 28, 29, 30, 31, 22),
(302, 18, 16, 17, 0, 19, 20, 21, 22, 23, 24, 25, 26, 27, 28, 29, 30, 31, 22),
(303, 19, 16, 17, 18, 0, 20, 21, 22, 23, 24, 25, 26, 27, 28, 29, 30, 31, 22),
(304, 20, 16, 17, 18, 19, 0, 21, 22, 23, 24, 25, 26, 27, 28, 29, 30, 31, 22),
(305, 21, 16, 17, 18, 19, 20, 0, 22, 23, 24, 25, 26, 27, 28, 29, 30, 31, 22),
(306, 22, 16, 17, 18, 19, 20, 21, 0, 23, 24, 25, 26, 27, 28, 29, 30, 31, 22),
(307, 23, 16, 17, 18, 19, 20, 21, 22, 0, 24, 25, 26, 27, 28, 29, 30, 31, 22),
(308, 24, 16, 17, 18, 19, 20, 21, 22, 23, 0, 25, 26, 27, 28, 29, 30, 31, 22),
(309, 25, 16, 17, 18, 19, 20, 21, 22, 23, 24, 0, 26, 27, 28, 29, 30, 31, 22),
(310, 26, 16, 17, 18, 19, 20, 21, 22, 23, 24, 25, 0, 27, 28, 29, 30, 31, 22),
(311, 27, 16, 17, 18, 19, 20, 21, 22, 23, 24, 25, 26, 0, 28, 29, 30, 31, 22),
(312, 28, 16, 17, 18, 19, 20, 21, 22, 23, 24, 25, 26, 27, 0, 29, 30, 31, 22),
(313, 29, 16, 17, 18, 19, 20, 21, 22, 23, 24, 25, 26, 27, 28, 0, 30, 31, 22),
(314, 30, 16, 17, 18, 19, 20, 21, 22, 23, 24, 25, 26, 27, 28, 29, 0, 31, 22),
(315, 31, 16, 17, 18, 19, 20, 21, 22, 23, 24, 25, 26, 27, 28, 29, 30, 0, 22);

-- --------------------------------------------------------

--
-- Структура таблиці `play_off`
--

CREATE TABLE `play_off` (
  `id` int(11) NOT NULL,
  `t1` int(11) NOT NULL,
  `t2` int(11) NOT NULL,
  `t3` int(11) NOT NULL,
  `t4` int(11) NOT NULL,
  `t5` int(11) NOT NULL,
  `t6` int(11) NOT NULL,
  `t7` int(11) NOT NULL,
  `t8` int(11) NOT NULL,
  `t9` int(11) NOT NULL,
  `t10` int(11) NOT NULL,
  `t11` int(11) NOT NULL,
  `t12` int(11) NOT NULL,
  `t13` int(11) NOT NULL,
  `t14` int(11) NOT NULL,
  `t15` int(11) NOT NULL,
  `t16` int(11) NOT NULL,
  `tournament_id` int(11) NOT NULL
) ENGINE=InnoDB DEFAULT CHARSET=utf8;

--
-- Дамп даних таблиці `play_off`
--

INSERT INTO `play_off` (`id`, `t1`, `t2`, `t3`, `t4`, `t5`, `t6`, `t7`, `t8`, `t9`, `t10`, `t11`, `t12`, `t13`, `t14`, `t15`, `t16`, `tournament_id`) VALUES
(13, 16, 17, 18, 19, 20, 21, 22, 23, 24, 25, 26, 27, 28, 29, 30, 31, 31);

-- --------------------------------------------------------

--
-- Структура таблиці `round`
--

CREATE TABLE `round` (
  `id` int(11) NOT NULL,
  `type` text NOT NULL
) ENGINE=InnoDB DEFAULT CHARSET=utf8;

--
-- Дамп даних таблиці `round`
--

INSERT INTO `round` (`id`, `type`) VALUES
(1, 'Tournament table'),
(2, 'Playoff');

-- --------------------------------------------------------

--
-- Структура таблиці `second_play`
--

CREATE TABLE `second_play` (
  `id` int(11) NOT NULL,
  `play_off_id` int(11) NOT NULL,
  `a` int(11) NOT NULL,
  `b` int(11) NOT NULL,
  `result` varchar(11) NOT NULL,
  `team_passed` int(11) NOT NULL,
  `team_out` int(11) NOT NULL
) ENGINE=InnoDB DEFAULT CHARSET=utf8;

--
-- Дамп даних таблиці `second_play`
--

INSERT INTO `second_play` (`id`, `play_off_id`, `a`, `b`, `result`, `team_passed`, `team_out`) VALUES
(61, 13, 17, 27, '1:0', 17, 27),
(62, 13, 25, 29, '3:2', 25, 29),
(63, 13, 23, 21, '4:0', 23, 21),
(64, 13, 28, 19, '5:1', 28, 19);

-- --------------------------------------------------------

--
-- Структура таблиці `third_play`
--

CREATE TABLE `third_play` (
  `id` int(11) NOT NULL,
  `play_off_id` int(11) NOT NULL,
  `a` int(11) NOT NULL,
  `b` int(11) NOT NULL,
  `result` varchar(11) NOT NULL,
  `team_passed` int(11) NOT NULL,
  `team_out` int(11) NOT NULL
) ENGINE=InnoDB DEFAULT CHARSET=utf8;

--
-- Дамп даних таблиці `third_play`
--

INSERT INTO `third_play` (`id`, `play_off_id`, `a`, `b`, `result`, `team_passed`, `team_out`) VALUES
(19, 13, 17, 23, '4:5', 23, 17),
(20, 13, 25, 28, '4:0', 25, 28);

-- --------------------------------------------------------

--
-- Структура таблиці `tournament`
--

CREATE TABLE `tournament` (
  `id` int(11) NOT NULL,
  `name` text NOT NULL,
  `status` text NOT NULL,
  `round_id` int(11) NOT NULL,
  `team` tinyint(4) NOT NULL DEFAULT '0'
) ENGINE=InnoDB DEFAULT CHARSET=utf8;

--
-- Дамп даних таблиці `tournament`
--

INSERT INTO `tournament` (`id`, `name`, `status`, `round_id`, `team`) VALUES
(22, 'ssss', 'end', 1, 1),
(31, 'Playoff', 'end', 2, 1);

-- --------------------------------------------------------

--
-- Структура таблиці `user`
--

CREATE TABLE `user` (
  `id` int(11) NOT NULL,
  `name` varchar(128) NOT NULL,
  `s_name` varchar(128) NOT NULL,
  `email` varchar(256) NOT NULL,
  `pass` varchar(255) NOT NULL,
  `access` tinyint(4) NOT NULL,
  `is_play` tinyint(4) NOT NULL DEFAULT '0',
  `score` int(255) NOT NULL DEFAULT '0'
) ENGINE=InnoDB DEFAULT CHARSET=utf8;

--
-- Дамп даних таблиці `user`
--

INSERT INTO `user` (`id`, `name`, `s_name`, `email`, `pass`, `access`, `is_play`, `score`) VALUES
(16, 'bogdan', 's_name', 'bog@ram.ru', '96e79218965eb72c92a549dd5a330112', 1, 0, 1727),
(17, 'name', 't_1name', 'admin@ram.ru', '96e79218965eb72c92a549dd5a330112', 2, 0, 1455),
(18, 'name', 'j_name', 'bog2222@ram.ru', 'b0baee9d279d34fa1dfd71aadb908c3f', 1, 0, 1593),
(19, 'nadfggdfgme', 'fgdgdgs_name', 'bo34345g@ram.ru', '4823ae846416d1d590b3ae9628e94d44', 1, 0, 1398),
(20, '3423434name', '33s333_name', 'b23432434og@ram.ru', '379c49d9af30f6f730cd5dbfd12c7010', 1, 0, 1620),
(21, 'fghgfhfgh', 'hhhs_name', '345345435bog@ram.ru', '7c2410c8be77b896e8a5b26d1a994a23', 1, 0, 1479),
(22, 'vcbcvbname', 'cvbvcbs_name', '234234bog@ram.ru', '36df0354bbd3511484eb8d285762d1aa', 1, 0, 1338),
(23, 'ghname', 'ghs_name', 'g3hbog@ram.ru', 'cb19cb88a75f0fa37023b84d1058acd6', 1, 0, 1710),
(24, 'hjhjname', 'hjhs_name', 'jhgjhjbog@ram.ru', '1cac7b4039bda42941c21a035666151f', 1, 0, 1641),
(25, 'vbnvbname', 'svbnvbn_name', 'bnvbnbvnbog@ram.ru', '35527829deb5989ae1bbdb3772ac070f', 1, 0, 1599),
(26, 'nfdgdffdgfdgame', 'fgfdgfdgs_name', 'j23cxcvbofgg@ram.ru', '22571b74ea04a8092cf82e4dc7c938b5', 1, 0, 1506),
(27, '234234name', '234234s_name', 'b3234og@ram.ru', 'd4f46ffaa69d1a4fb238a073a2e2ef91', 1, 0, 1587),
(28, 'dfgfdgdfgname', 'fdgfdgs_name', 'fdgdfgfdgbog@ram.ru', 'eefe1596ac3dc6046cbe9393418ecc2b', 1, 0, 1572),
(29, '324234name', '234234s_name', '324234234bog@ram.ru', '2a270a0eebd5ba1530fa38b5988289c0', 1, 0, 1461),
(30, 'sdfdsfname', 'sdfdsfs_name', 'sdfdfbog@ram.ru', '30d11029b49f3fd837db93ebcfa2334b', 1, 0, 1572),
(31, 'ytutuname', 'uys_name', 'tryrtytrbog@ram.ru', '04e0dd9c76902b1bfc5c7b3bb4b1db92', 1, 0, 2847);

--
-- Індекси збережених таблиць
--

--
-- Індекси таблиці `final_play`
--
ALTER TABLE `final_play`
  ADD PRIMARY KEY (`id`);

--
-- Індекси таблиці `first_play`
--
ALTER TABLE `first_play`
  ADD PRIMARY KEY (`id`);

--
-- Індекси таблиці `image`
--
ALTER TABLE `image`
  ADD PRIMARY KEY (`id`),
  ADD KEY `user_id` (`user_id`);

--
-- Індекси таблиці `order play`
--
ALTER TABLE `order play`
  ADD PRIMARY KEY (`id`),
  ADD KEY `play_id` (`play_id`),
  ADD KEY `tournament_id` (`tournament_id`);

--
-- Індекси таблиці `play`
--
ALTER TABLE `play`
  ADD PRIMARY KEY (`id`),
  ADD KEY `team_id` (`team_id`),
  ADD KEY `tournament_id` (`tournament_id`);

--
-- Індекси таблиці `play_off`
--
ALTER TABLE `play_off`
  ADD PRIMARY KEY (`id`);

--
-- Індекси таблиці `round`
--
ALTER TABLE `round`
  ADD PRIMARY KEY (`id`);

--
-- Індекси таблиці `second_play`
--
ALTER TABLE `second_play`
  ADD PRIMARY KEY (`id`);

--
-- Індекси таблиці `third_play`
--
ALTER TABLE `third_play`
  ADD PRIMARY KEY (`id`);

--
-- Індекси таблиці `tournament`
--
ALTER TABLE `tournament`
  ADD PRIMARY KEY (`id`),
  ADD KEY `round_id` (`round_id`);

--
-- Індекси таблиці `user`
--
ALTER TABLE `user`
  ADD PRIMARY KEY (`id`);

--
-- AUTO_INCREMENT для збережених таблиць
--

--
-- AUTO_INCREMENT для таблиці `final_play`
--
ALTER TABLE `final_play`
  MODIFY `id` int(11) NOT NULL AUTO_INCREMENT, AUTO_INCREMENT=8;
--
-- AUTO_INCREMENT для таблиці `first_play`
--
ALTER TABLE `first_play`
  MODIFY `id` int(11) NOT NULL AUTO_INCREMENT, AUTO_INCREMENT=185;
--
-- AUTO_INCREMENT для таблиці `image`
--
ALTER TABLE `image`
  MODIFY `id` int(11) NOT NULL AUTO_INCREMENT, AUTO_INCREMENT=26;
--
-- AUTO_INCREMENT для таблиці `order play`
--
ALTER TABLE `order play`
  MODIFY `id` int(255) NOT NULL AUTO_INCREMENT, AUTO_INCREMENT=19912;
--
-- AUTO_INCREMENT для таблиці `play`
--
ALTER TABLE `play`
  MODIFY `id` int(11) NOT NULL AUTO_INCREMENT, AUTO_INCREMENT=316;
--
-- AUTO_INCREMENT для таблиці `play_off`
--
ALTER TABLE `play_off`
  MODIFY `id` int(11) NOT NULL AUTO_INCREMENT, AUTO_INCREMENT=14;
--
-- AUTO_INCREMENT для таблиці `round`
--
ALTER TABLE `round`
  MODIFY `id` int(11) NOT NULL AUTO_INCREMENT, AUTO_INCREMENT=3;
--
-- AUTO_INCREMENT для таблиці `second_play`
--
ALTER TABLE `second_play`
  MODIFY `id` int(11) NOT NULL AUTO_INCREMENT, AUTO_INCREMENT=65;
--
-- AUTO_INCREMENT для таблиці `third_play`
--
ALTER TABLE `third_play`
  MODIFY `id` int(11) NOT NULL AUTO_INCREMENT, AUTO_INCREMENT=21;
--
-- AUTO_INCREMENT для таблиці `tournament`
--
ALTER TABLE `tournament`
  MODIFY `id` int(11) NOT NULL AUTO_INCREMENT, AUTO_INCREMENT=32;
--
-- AUTO_INCREMENT для таблиці `user`
--
ALTER TABLE `user`
  MODIFY `id` int(11) NOT NULL AUTO_INCREMENT, AUTO_INCREMENT=32;
/*!40101 SET CHARACTER_SET_CLIENT=@OLD_CHARACTER_SET_CLIENT */;
/*!40101 SET CHARACTER_SET_RESULTS=@OLD_CHARACTER_SET_RESULTS */;
/*!40101 SET COLLATION_CONNECTION=@OLD_COLLATION_CONNECTION */;
